Country Name,1990,1991,1992,1993,1994,1995,1996,1997,1998,1999,2000,2001,2002,2003,2004,2005,2006,2007,2008,2009,2010,2011,2012,2013,2014
Afghanistan,,,,,,,,,,,,,0.056436117,0.056838534,0.043359983,0.052839109,0.060512719,0.071329756,0.124553521,0.163885751,0.177104879,0.249835882,0.191031477,0.165535899,0.15491035
Albania,0.658219258,0.687343418,0.424902227,0.351791209,0.262113083,0.245535272,0.213628615,0.180456881,0.185457991,0.276571969,0.253325064,0.244879009,0.263770218,0.28284889,0.253783871,0.240822795,0.198571352,0.181730632,0.180389562,0.169668542,0.163956481,0.176700458,0.160827215,0.165472504,0.175744949
Algeria,0.447152303,0.449604356,0.437763205,0.448097184,0.465363137,0.484231075,0.465443775,0.407093983,0.469241372,0.385577504,0.346757754,0.315753418,0.31420336,0.293091244,0.264476346,0.293531108,0.263974728,0.269189833,0.259858874,0.279519544,0.261730659,0.253370959,0.257951817,0.255172661,0.260914228
American Samoa,,,,,,,,,,,,,,,,,,,,,,,,,
Andorra,,,,,,,,,,,,,,,,,,,,,,,,,
Angola,0.139737171,0.133167757,0.141162391,0.201628409,0.131229711,0.315292327,0.259842665,0.168067608,0.157172593,0.189972312,0.187892721,0.179964941,0.202844948,0.138389971,0.251810597,0.216398713,0.218864343,0.211177975,0.190470962,0.202604462,0.199684145,0.197384628,0.19641388,0.179613207,0.179228057
Antigua and Barbuda,0.398259463,0.357438827,0.340740412,0.324942895,0.294207992,0.309555653,0.304165876,0.297674123,0.291101021,0.286239553,0.274083293,0.285181833,0.295446524,0.297862515,0.286786518,0.26590891,0.236783229,0.223256561,0.22419708,0.268610836,0.294351019,0.288272839,0.279121568,0.274592904,0.261101093
Argentina,0.465866914,0.431142729,0.404724863,0.355059681,0.340947665,0.359325091,0.352772112,0.327909991,0.316337207,0.339311392,0.32349811,0.311547458,0.321012826,0.313597826,0.326799818,0.299509173,0.291177333,0.259742594,0.264324371,0.265342507,0.248701721,0.234357748,0.233208226,0.220889001,0.238975967
Armenia,,,1.247939911,0.586324526,0.576693185,0.665857727,0.464238853,0.557338263,0.534021962,0.45681016,0.485063023,0.442875668,0.330958222,0.320963148,0.300785271,0.305918917,0.264080936,0.261277523,0.263186359,0.238620299,0.223224117,0.243526837,0.258133561,0.237038521,0.225901575
Aruba,1.09432735,1.006778845,0.808136317,0.802048221,0.734082329,0.725049509,0.712947458,0.676027669,0.674724951,0.661010503,0.790906775,0.807462956,0.831798864,0.841756584,0.775893403,0.772581072,0.741091343,0.736687159,0.681017085,0.746988074,0.731350323,0.690496144,0.370650693,0.223238507,0.220024129
Australia,0.891705602,0.850326884,0.84214104,0.820710301,0.776333917,0.746445023,0.751035902,0.720053512,0.69991697,0.68041679,0.653303316,0.612121362,0.604857788,0.569206321,0.543502735,0.527081349,0.514518238,0.488650487,0.484816106,0.451613964,0.451141252,0.417937042,0.398650117,0.350656101,0.328257116
Austria,0.386437896,0.385916382,0.33990404,0.332883901,0.318012955,0.317894599,0.32361454,0.309300125,0.299198541,0.280409881,0.264610016,0.275709528,0.266179076,0.276858951,0.262524137,0.257618189,0.231966624,0.213401289,0.200770906,0.183713407,0.192142141,0.174300517,0.159007731,0.153765298,0.140776803
Azerbaijan,,,1.6947637,1.854702163,1.959172505,1.727682896,1.570558093,1.391672095,1.32941183,1.100832412,1.000771343,0.868817409,0.804431357,0.740835102,0.692102964,0.561271997,0.462128786,0.279412352,0.288402725,0.235157594,0.213310018,0.231442466,0.236199822,0.219855343,0.220763786
Bahamas  The,0.378415514,0.348980844,0.356967377,0.329862744,0.31040753,0.290644921,0.271466053,0.213774982,0.248544183,0.228171018,0.213352601,0.191360058,0.184276732,0.176416313,0.193322076,0.183254466,0.165834108,0.161647598,0.143672613,0.1633864,0.16012205,0.175938217,0.176670427,0.2480354,0.210285478
Bahrain,1.099750888,0.914045605,0.768850734,0.893713326,0.886008817,0.836653278,0.831943156,0.87952406,0.881995466,0.81615845,0.784359037,0.559442549,0.59911605,0.581987303,0.563248292,0.561210087,0.50156972,0.643058818,0.658345424,0.603980283,0.593488809,0.558037286,0.491422047,0.537804394,0.506231075
Bangladesh,0.175025148,0.167884993,0.173326536,0.158589577,0.162872367,0.18252907,0.180613634,0.177234998,0.159882422,0.158014004,0.162103417,0.175808192,0.173103208,0.171718308,0.167940026,0.16007121,0.160641645,0.148943021,0.153743364,0.157645026,0.16463786,0.160262622,0.157146547,0.15043183,0.146150671
Barbados,0.449288859,0.507862107,0.433232302,0.476035426,0.301360392,0.320518408,0.310784893,0.309292036,0.372722052,0.388597661,0.357279806,0.368073231,0.36161976,0.358927528,0.351641673,0.342847205,0.319192172,0.303819588,0.353666445,0.364685253,0.328550405,0.330833305,0.311277672,0.301304778,0.259728874
Belarus,,,1.673271763,1.553494791,1.459748521,1.490667586,1.409728829,1.23142753,1.095899954,1.009039607,0.894218434,0.819593588,0.762901564,0.714741345,0.678487964,0.611883868,0.566421411,0.49525963,0.459647551,0.441661711,0.417048526,0.393932385,0.375124102,0.368146268,0.353667508
Belgium,0.567176985,0.563692162,0.547756825,0.519450226,0.514122455,0.491802382,0.507788297,0.47346565,0.472314214,0.435727039,0.401224728,0.384471507,0.34070034,0.350398106,0.330706051,0.310671128,0.28686399,0.264282096,0.25573274,0.24335438,0.253956767,0.219317336,0.201783794,0.199250844,0.186711158
Belize,0.500605988,0.500869425,0.432549313,0.422179874,0.40869286,0.401636268,0.31712909,0.379935442,0.345076669,0.294135365,0.289395717,0.304615125,0.275913542,0.247771026,0.209066036,0.212432852,0.207446554,0.214672612,0.186729376,0.247504929,0.217419619,0.23257056,0.175723181,0.184405601,0.168303602
Benin,0.149770628,0.161323718,0.167560376,0.195056285,0.209005318,0.202555266,0.181714051,0.162579173,0.154178406,0.185686506,0.175599696,0.185210556,0.199577495,0.214470101,0.213072099,0.193950842,0.292875261,0.312425311,0.286695721,0.293766885,0.310560536,0.307372719,0.297294679,0.289560328,0.290476145
Bermuda,0.321785008,0.346215196,0.290317199,0.321200755,0.308357638,0.289298041,0.274985926,0.256641704,0.242551084,0.228018315,0.205480621,0.191516247,0.201993237,0.193031365,0.190910651,0.182094891,0.187473523,0.198460306,0.170546173,0.13124756,0.16920602,0.124987186,0.138450291,0.134199286,
Bhutan,0.158312532,0.224051848,0.242275164,0.196659585,0.212817942,0.228240333,0.256033344,0.311679727,0.282841967,0.260684367,0.245265226,0.215643393,0.208151302,0.171493775,0.128609095,0.149697176,0.134726795,0.111258357,0.1119567,0.096021736,0.106588622,0.14552104,0.151518132,0.164086027,0.165637699
Bolivia,0.349042385,0.334624868,0.356650178,0.39304078,0.405549194,0.432802568,0.406348645,0.423777488,0.400732301,0.373793768,0.377966009,0.283342297,0.328196088,0.334731074,0.313518145,0.319224214,0.365332106,0.278676,0.276439158,0.280510236,0.289394266,0.286152879,0.310883953,0.287978145,0.289139535
Bosnia and Herzegovina,,,,,0.861238814,0.741105604,0.478251183,0.689729732,0.744666997,0.656092273,0.808187734,0.748905096,0.740605586,0.716720688,0.668816991,0.664170728,0.629841849,0.572922558,0.594565593,0.613677135,0.614250905,0.653974726,0.599225863,0.561691126,0.558455281
Botswana,0.380697978,0.334315452,0.334829154,0.36919692,0.330821804,0.304207688,0.255445871,0.235514167,0.276780317,0.235150112,0.269741142,0.26814395,0.257159189,0.232189372,0.224151955,0.218468685,0.197611816,0.181828491,0.178785062,0.160399269,0.181915688,0.149754784,0.142520866,0.155443368,0.197017742
Brazil,0.208896264,0.209005397,0.206594291,0.201582678,0.196642549,0.19679212,0.208427155,0.209136233,0.21416404,0.21543766,0.206793654,0.205331499,0.193141619,0.181474746,0.175511408,0.169557839,0.158469151,0.151997423,0.15140798,0.142501316,0.149768201,0.147704047,0.152100021,0.155504921,0.159730474
British Virgin Islands,,,,,,,,,,,,,,,,,,,,,,,,,
Brunei Darussalam,0.435576847,0.350193154,0.320968931,0.297860087,0.26708957,0.255475985,0.247971053,0.25709497,0.266221339,0.188912498,0.216572416,0.197275112,0.181639417,0.181713312,0.191670838,0.185434938,0.167480297,0.281851045,0.305529466,0.26609426,0.267486806,0.298504432,0.289359705,0.234553361,0.275174782
Bulgaria,1.140106207,0.930729259,0.924331506,1.147397793,0.880604974,0.898033684,0.997633611,1.090069146,0.966310611,0.92882598,0.835397038,0.839504316,0.737112541,0.729264686,0.664802394,0.612683799,0.569703996,0.541012191,0.472615278,0.405140757,0.399414388,0.428382319,0.377551941,0.328929294,0.334862876
Burkina Faso,0.120772437,0.115190765,0.113019775,0.106089931,0.105521447,0.0949882,0.094835308,0.099955867,0.098392442,0.097606983,0.104840666,0.092160662,0.087580323,0.085582198,0.081665433,0.074338091,0.082064889,0.091543461,0.09748521,0.094683072,0.090168171,0.093362314,0.102321413,0.110561208,0.096899621
Burundi,0.057641748,0.06055577,0.053203933,0.058250031,0.061216519,0.066133946,0.071678193,0.073771344,0.069642266,0.070371405,0.074458552,0.054026921,0.052740041,0.039766853,0.045334002,0.03388963,0.037891562,0.035669038,0.034020534,0.032523117,0.034110092,0.036546924,0.04005462,0.038490889,0.055047215
Cabo Verde,0.259366356,0.25692386,0.243205637,0.226081223,0.191918005,0.175204538,0.182616162,0.165700346,0.156549564,0.161337252,0.162939474,0.169178795,0.18543243,0.195723812,0.185310199,0.224123885,0.216566111,0.195895968,0.167119416,0.187675433,0.194338879,0.202368753,0.161357641,0.155032008,0.149005142
Cambodia,,,,0.120856444,0.193515967,0.181020792,0.175009173,0.157538036,0.18850224,0.160223144,0.147579889,0.153105617,0.138653904,0.135249506,0.122671663,0.119221382,0.11288532,0.115231818,0.119172827,0.141068794,0.141759417,0.134718472,0.129073698,0.121331555,0.132597517
Cameroon,0.07553516,0.048336406,0.167377985,0.182748252,0.171580114,0.179895247,0.178674357,0.120282134,0.113559377,0.103042798,0.108454689,0.101359267,0.09562231,0.099700405,0.094786547,0.084173629,0.082496116,0.11571197,0.104231756,0.122773345,0.118302859,0.094675075,0.094392411,0.097277844,0.093241704
Canada,0.779002256,0.755022533,0.756082967,0.726988502,0.698407659,0.681957209,0.675681998,0.65805984,0.640633187,0.61100712,0.595065392,0.56525249,0.536747939,0.542399164,0.511532873,0.477411739,0.439388785,0.427368232,0.418972078,0.41140418,0.392961892,0.37626988,0.353318331,0.333593673,0.332100774
Cayman Islands,,,,,,,,,0.176762095,0.168516755,0.177148698,0.173669388,0.17467399,0.170654957,0.153718808,0.143309497,0.136075456,0.151808351,0.152319902,0.155725277,0.158228499,0.161263038,0.142629474,0.138399034,0.134129461
Central African Republic,0.110638271,0.111599452,0.122850195,0.123660322,0.121095786,0.110642453,0.113180301,0.110614604,0.106032386,0.106825995,0.108646067,0.093405677,0.08874184,0.087971021,0.080819697,0.077672827,0.07645553,0.072222697,0.069418723,0.0634453,0.062544896,0.062065343,0.061018805,0.094924299,0.094201457
Chad,0.033317242,0.013704484,0.015852668,0.019969537,0.019882776,0.0206106,0.022441701,0.023951511,0.023281137,0.024798376,0.02669608,0.022908191,0.020344193,0.039362188,0.028408198,0.024848084,0.024402561,0.026121016,0.027428907,0.025180175,0.023065038,0.023534994,0.024093761,0.025620707,0.024507192
Channel Islands,,,,,,,,,,,,,,,,,,,,,,,,,
Chile,0.55631971,0.468663816,0.420968159,0.405785859,0.409473521,0.394843844,0.414996787,0.441572779,0.42781069,0.451834566,0.401264454,0.3447156,0.340367514,0.323589182,0.315974631,0.299689565,0.251560897,0.255804457,0.260598157,0.244821352,0.233152837,0.22603955,0.21637012,0.211077692,0.204025649
China,2.178494531,2.025264104,1.81805018,1.668805672,1.535419151,1.471614429,1.371173418,1.236308271,1.086259559,0.992661434,0.918459861,0.849632614,0.846130467,0.89026122,0.907502969,0.890205552,0.848753681,0.779152283,0.748771229,0.719540948,0.70514916,0.699292011,0.655417221,0.611355695,0.561035392
Colombia,0.345347675,0.326259957,0.333041977,0.318524012,0.311068042,0.255507174,0.249624076,0.254430736,0.254286279,0.224130766,0.218321181,0.204124166,0.193903619,0.188983364,0.167559709,0.171748534,0.161229804,0.145758022,0.151016456,0.158034227,0.156943259,0.143858198,0.141922044,0.149521301,0.13146868
Comoros,0.090446547,0.097917543,0.088210583,0.088301759,0.091271821,0.090823515,0.094875427,0.093923181,0.100038254,0.100783896,0.099604776,0.095244936,0.091631465,0.113280616,0.117252534,0.107737752,0.117962296,0.072522946,0.070846058,0.084574947,0.098438157,0.077890392,0.078057687,0.09034854,0.075991287
Congo  Dem. Rep.,0.130664166,0.100462811,0.104314843,0.108408462,0.069831551,0.087979401,0.095280899,0.081339194,0.071817825,0.061275838,0.037914084,0.038920423,0.041298147,0.040831782,0.045283055,0.051752392,0.051192819,0.051191746,0.050035184,0.045421551,0.048421919,0.054770409,0.048338345,0.065451599,0.076360913
Congo  Rep.,0.145945811,0.116593134,0.141502405,0.143994842,0.242829931,0.166666441,0.172005101,0.232323569,0.073473631,0.078556083,0.091197074,0.062824633,0.044423337,0.068887841,0.067161832,0.062545414,0.065034097,0.069836635,0.06998538,0.086171727,0.088855555,0.096003191,0.119328035,0.117848129,0.108573502
Costa Rica,0.188532281,0.201334576,0.204834198,0.194801451,0.243327179,0.211374266,0.200091227,0.195682668,0.192882305,0.18998841,0.177428847,0.176529501,0.184734842,0.182233283,0.177892348,0.164595461,0.153989144,0.158616252,0.14881119,0.144962112,0.130766172,0.125597655,0.117983286,0.110913589,0.107390617
Cote d'Ivoire,0.198024746,0.173479317,0.152808129,0.195042514,0.166041864,0.214416318,0.231512391,0.211782473,0.182275552,0.160311612,0.173515963,0.192935987,0.18215218,0.135857873,0.183434934,0.178565229,0.152650885,0.141485493,0.135344332,0.108619943,0.129595708,0.138149513,0.156999137,0.16288,0.151875704
Croatia,,,,,,0.462419116,0.429001324,0.441149748,0.455076407,0.450324972,0.406287044,0.406533905,0.393874652,0.394388121,0.358256555,0.342805925,0.301132337,0.285915316,0.251579065,0.245391733,0.237413741,0.2229264,0.199297296,0.189110463,0.179995754
Cuba,,,,,,,,,,,,,,,,,,,,,,,,,
Curacao,,,,,,,,,,,,,,,,,,,,,,,1.400330196,1.205740589,1.350185109
Cyprus,0.566590508,0.583251273,0.575869279,0.587491295,0.562534403,0.48453134,0.51899448,0.49137893,0.502933201,0.472293494,0.469021912,0.42668549,0.420086325,0.444771218,0.388656809,0.365909217,0.345902321,0.325227834,0.313104878,0.296221288,0.279649934,0.262923425,0.250960964,0.225355319,0.233963413
Czech Republic,,,1.13595205,1.064475549,0.960086732,0.871891006,0.83345769,0.839428044,0.798580581,0.710545252,0.74591035,0.689839968,0.64564031,0.616371696,0.550591745,0.53571891,0.501580795,0.458279929,0.403442464,0.373499381,0.385022299,0.353694288,0.330908677,0.307845555,0.284099082
Denmark,0.536394589,0.614000416,0.530690977,0.544526277,0.541050526,0.482084313,0.578408327,0.467294659,0.43493674,0.388787049,0.335396699,0.335321614,0.315986387,0.337432314,0.284505472,0.254466685,0.271155292,0.236139781,0.206969403,0.19977585,0.195518369,0.164320394,0.145406802,0.14686555,0.123915096
Djibouti,,,,,,,,,,,,,,,,,,,,,,0.20192121,,,
Dominica,0.192834918,0.184048863,0.176367772,0.179179601,0.18568991,0.215755465,0.186814066,0.197691837,0.179819449,0.185044619,0.225095531,0.236145662,0.22328718,0.23556627,0.215643507,0.214467947,0.192686295,0.23904142,0.1876231,0.188407487,0.195270596,0.176569336,0.185106413,0.178079558,0.172075628
Dominican Republic,0.361498651,0.376955849,0.360409592,0.353126076,0.357358959,0.42172702,0.426235531,0.399803546,0.378628758,0.355472447,0.354198372,0.338714841,0.343483803,0.344759314,0.27854993,0.251310475,0.237144793,0.230100587,0.213919045,0.205395513,0.194773488,0.18679854,0.18595554,0.168880952,0.154697827
Ecuador,0.33964563,0.308838764,0.399356616,0.415620611,0.220137354,0.352803295,0.360681727,0.257946613,0.302160702,0.299253198,0.279076902,0.292934252,0.298995822,0.308863095,0.2993735,0.287297012,0.254701279,0.268197564,0.262715756,0.27610173,0.266495692,0.256264322,0.235119911,0.236664278,0.239744446
Egypt  Arab Rep.,0.35348532,0.350459819,0.338599956,0.368477764,0.317771351,0.333732533,0.332727138,0.328811979,0.347946246,0.33175005,0.343826469,0.288457719,0.281187792,0.311201973,0.296931106,0.305399967,0.296321995,0.285323098,0.274301329,0.270742145,0.249574711,0.257350652,0.246900571,0.233453614,0.210611914
El Salvador,0.162787469,0.195911848,0.187262178,0.197700412,0.223840046,0.229044695,0.202760794,0.231576684,0.236824652,0.224047473,0.21838163,0.219411157,0.215910527,0.226454654,0.212332955,0.203262249,0.200575457,0.195458114,0.176094225,0.175680685,0.169731542,0.164877456,0.157693516,0.141740702,0.137975926
Equatorial Guinea,0.238414455,0.504827676,0.403875241,0.223110486,0.062411937,0.202345634,0.105653648,0.105884346,0.04818649,0.106679272,0.086184325,0.351339946,0.465839482,0.484975142,0.296758529,0.222601342,0.202479655,0.172494325,0.134851859,0.13549883,0.148929662,0.179341701,0.135627801,0.140330971,0.142026668
Eritrea,,,,,0.253152741,0.260470697,0.253390924,0.197384242,0.130838267,0.135366609,0.134275184,0.125182087,0.114768267,0.138899421,0.14140265,0.133052715,0.095466494,0.094656707,0.073606814,0.08712685,0.084274162,0.087892952,,,
Estonia,,,,2.316691127,2.251078968,1.940797704,1.899130936,1.649862728,1.406587628,1.30304017,1.128962302,1.088707875,0.931228861,0.956268349,0.879645938,0.74878345,0.62363557,0.635344224,0.57720666,0.532344742,0.630149339,0.571107625,0.512019073,0.54894762,0.512661485
Eswatini,0.141497398,0.103194811,0.079072287,0.037457625,0.131320514,0.115265806,0.081753875,0.274918307,0.267382256,0.2614362,0.240887673,0.224617923,0.208446563,0.182242885,0.1694498,0.153375884,0.139949252,0.136624555,0.137050808,0.127647614,0.120712347,0.116869504,0.125967875,0.10501164,0.111662896
Ethiopia,0.148346136,0.152832753,0.162612081,0.143346677,0.100608605,0.106226005,0.103538222,0.105269572,0.113788301,0.104597495,0.108439157,0.120144762,0.121024252,0.13395118,0.121944928,0.102245845,0.096275855,0.091910265,0.089018721,0.081831397,0.071391899,0.073791881,0.073851564,0.08151357,0.07913769
Faroe Islands,,,,,,,,,,,,,,,,,,,,,,,,,
Fiji,0.292248825,0.239493736,0.246020763,0.236467979,0.219214726,0.213583043,0.21553114,0.208906431,0.198265491,0.183057361,0.19576999,0.2351731,0.189280548,0.216547458,0.258373247,0.201623565,0.21334814,0.199450711,0.149523508,0.133209962,0.197174054,0.16772247,0.157905037,0.160984398,0.151994134
Finland,0.571761906,0.61002852,0.545411144,0.569856011,0.609436196,0.527670383,0.596213123,0.535413335,0.469395577,0.433189448,0.378593903,0.395985086,0.41518552,0.45751761,0.412385581,0.325580766,0.365818551,0.320887622,0.266132654,0.263155913,0.298814004,0.259182902,0.223421812,0.210245603,0.20884203
France,0.366042679,0.364384567,0.32840174,0.317556895,0.285358519,0.282669981,0.294445688,0.263598883,0.268472613,0.250875579,0.227891772,0.223735109,0.212757285,0.217330508,0.210790054,0.199996164,0.182096249,0.169159952,0.162144443,0.15679198,0.151224902,0.135625654,0.13469163,0.128078906,0.113926282
French Polynesia,,,,,,,,,,,,,,,,,,,,,,,,,
Gabon,0.373401734,0.343155531,0.376434624,0.357969194,0.297216766,0.292146617,0.285859,0.266987501,0.264895669,0.276814877,0.269432933,0.263986558,0.248185132,0.241935585,0.23619735,0.232692781,0.19838574,0.179844204,0.184885925,0.18662984,0.195007655,0.184349917,0.176419137,0.169781555,0.157074263
Gambia  The,0.196398085,0.188087472,0.177886409,0.1755735,0.171637809,0.176445771,0.169504087,0.15884721,0.163009423,0.164043157,0.161747767,0.154064989,0.17947966,0.164880063,0.151882193,0.148694286,0.149858441,0.160942575,0.155530626,0.150801808,0.15876948,0.168008877,0.158664913,0.141602346,0.166448376
Georgia,,,1.340840287,1.202302667,0.803093498,0.290214936,0.452591846,0.439236421,0.471053984,0.395348513,0.396386197,0.307563721,0.258020059,0.254011226,0.267886456,0.277877992,0.299113262,0.270158808,0.208208651,0.259059572,0.243845659,0.281242248,0.274748505,0.243126233,0.260845664
Germany,,0.554717418,0.510378998,0.495291895,0.466788042,0.448640337,0.450452856,0.426508928,0.410563733,0.38003425,0.36982928,0.364037496,0.342984371,0.332422787,0.315070436,0.302372087,0.289455734,0.260297016,0.249977074,0.2380673,0.236801456,0.213734379,0.211166755,0.207609267,0.188370957
Ghana,0.209489876,0.198387689,0.188985822,0.201040242,0.207606113,0.208032305,0.207653557,0.222290053,0.211156996,0.2039467,0.184722151,0.191236355,0.193231102,0.185409327,0.164647745,0.143479939,0.175158891,0.171670108,0.143455926,0.114540554,0.135532908,0.114949969,0.124675533,0.140543482,0.132637794
Gibraltar,,,,,,,,,,,,,,,,,,,,,,,,,
Greece,0.548077131,0.512711287,0.50746467,0.505199287,0.499006549,0.484069611,0.468940134,0.457761887,0.45389746,0.435990773,0.434370306,0.411953605,0.379907792,0.367016605,0.348621049,0.351122314,0.309535026,0.303574922,0.280749966,0.272609363,0.267872343,0.275034429,0.286618982,0.242801965,0.230279173
Greenland,,,,,,,,,,,,,,,,,,,,,,,,,
Grenada,0.235032336,0.231969522,0.243997783,0.250709992,0.285267747,0.28761303,0.277034801,0.284030115,0.26225627,0.267032386,0.244322907,0.248710207,0.250099455,0.236327486,0.219853673,0.198312212,0.214084857,0.202691238,0.209078063,0.222190284,0.227158526,0.214600947,0.228459877,0.246040752,0.178877279
Guam,,,,,,,,,,,,,,,,,,,,,,,,,
Guatemala,0.165869565,0.153777109,0.17078308,0.150939738,0.171698334,0.167889335,0.14866082,0.159945786,0.173545027,0.168050179,0.176176571,0.180552283,0.178682394,0.16696702,0.169150771,0.171845579,0.159252321,0.145635531,0.125221777,0.128185097,0.121230505,0.11568944,0.111502092,0.120333119,0.15239558
Guinea,0.181523161,0.174860388,0.170870466,0.16329922,0.176562057,0.170651401,0.169540486,0.164845298,0.166626477,0.166327602,0.164978223,0.163040019,0.160103607,0.161872495,0.159128565,0.140784321,0.139936714,0.132758054,0.139024381,0.14420645,0.156487405,0.154952294,0.133317115,0.112270193,0.113194104
Guinea-Bissau,0.166703181,0.156689771,0.154688579,0.151020805,0.143278452,0.134421308,0.118283396,0.120099656,0.141152036,0.155313235,0.108752481,0.106742245,0.108714083,0.133924206,0.131697755,0.129175142,0.124663669,0.125536922,0.117425229,0.116375404,0.111682722,0.104328834,0.107258301,0.10356418,0.106422796
Guyana,0.816997143,0.733075751,0.623569671,0.563103215,0.673750722,0.663206431,0.625966643,0.607533229,0.636373589,0.617368536,0.586820939,0.556312341,0.536536996,0.525186348,0.523593188,0.45722727,0.379066992,0.417452437,0.400607533,0.385745274,0.402163952,0.388049894,0.404826852,0.367753911,0.360720376
Haiti,0.102944749,0.09809992,0.092355108,0.069622204,0.035073619,0.093777995,0.101371064,0.128338882,0.111880451,0.116006481,0.115590081,0.131157177,0.150610538,0.139932558,0.161843446,0.160998378,0.155532031,0.165901496,0.16186917,0.147499538,0.14456218,0.13997593,0.139227374,0.136469025,0.154899224
Honduras,0.251351976,0.261792411,0.275072672,0.233670941,0.267380398,0.286735062,0.282155898,0.278438707,0.29720508,0.300965474,0.291142889,0.314940173,0.318572462,0.33248134,0.331681623,0.311009721,0.262782232,0.301904968,0.280679932,0.259182047,0.250202485,0.265004239,0.250525883,0.241669658,0.240478578
Hong Kong SAR  China,0.273739225,0.262465086,0.279134751,0.271261792,0.224098118,0.215687977,0.188007815,0.185396111,0.248066628,0.260615417,0.2241497,0.204725471,0.207025456,0.215743091,0.18591666,0.17660517,0.153528441,0.145992449,0.141046332,0.137537223,0.122892925,0.123649014,0.11828506,0.116851724,0.114618151
Hungary,,0.772313703,0.706559845,0.711698447,0.643718298,0.636912679,0.644402299,0.602378969,0.553494284,0.527190198,0.460288717,0.422710631,0.379319481,0.376887621,0.349936269,0.336724324,0.311411204,0.292822962,0.264209379,0.234367968,0.233217672,0.210054543,0.194597594,0.174118547,0.167157975
Iceland,0.356737958,0.305863606,0.318479789,0.333696932,0.320605465,0.30392512,0.331767277,0.28848796,0.267261707,0.252551528,0.258957903,0.232050075,0.232143091,0.229478975,0.215784877,0.201798,0.193600662,0.18014555,0.154149009,0.153858405,0.155861563,0.144646277,0.133901303,0.132863938,0.132553243
India,0.573313889,0.583357702,0.57431409,0.554431174,0.537806449,0.519657967,0.515864209,0.506914182,0.481612724,0.463916386,0.452824357,0.426523292,0.409586586,0.388847248,0.36831573,0.350532189,0.335756566,0.327908297,0.347658578,0.354606412,0.319546795,0.318534264,0.324807226,0.302459577,0.304021148
Indonesia,0.274640915,0.298596335,0.308976122,0.305832779,0.282026581,0.259319421,0.265958126,0.274723511,0.240378831,0.265597263,0.269534773,0.284897534,0.279151217,0.27013212,0.266928703,0.248082953,0.230328122,0.229514107,0.235557481,0.239443364,0.214008222,0.277992164,0.271487864,0.194495925,0.172123444
Iran  Islamic Rep.,0.506316962,0.470861003,0.449779881,0.451493554,0.501848046,0.494544281,0.467036766,0.445719133,0.494179796,0.598608045,0.538501919,0.55967602,0.517925098,0.487048133,0.485458639,0.478459722,0.480531072,0.441154807,0.450155755,0.452662095,0.437236155,0.428918719,0.472221923,0.471075722,0.463164552
Iraq,0.365152207,0.940193228,0.897869833,0.7215838,0.765866552,0.765604041,0.633048339,0.504500394,0.391940234,0.328189023,0.317267127,0.357484543,0.386495351,0.592270067,0.468424257,0.432985777,0.331935106,0.200655697,0.272548095,0.293657154,0.292768644,0.319391704,0.312583822,0.309391587,0.306887573
Ireland,0.646640764,0.617250659,0.577154147,0.553035661,0.535125802,0.482422151,0.468582156,0.438071368,0.414398136,0.39614329,0.359029904,0.349910869,0.313564157,0.294752583,0.278041322,0.258821159,0.228466775,0.217014345,0.21627901,0.21356665,0.202891608,0.173125169,0.167191731,0.157152289,0.142871606
Isle of Man,,,,,,,,,,,,,,,,,,,,,,,,,
Israel,0.514141023,0.467484826,0.493813124,0.488046679,0.477624591,0.463309582,0.450030329,0.447391513,0.433873645,0.402956104,0.384619992,0.396630292,0.361151198,0.395126646,0.3439798,0.331228223,0.345012019,0.319957398,0.340695925,0.313190839,0.31340167,0.291206786,0.300957285,0.243480249,0.229497404
Italy,0.3969129,0.383856678,0.369249619,0.356351088,0.337789491,0.339807785,0.3260633,0.317686529,0.310044309,0.304162197,0.292767135,0.282982139,0.276951519,0.280996828,0.279022942,0.271734052,0.249664586,0.232887185,0.214721431,0.19689566,0.195337101,0.184402962,0.171244721,0.158670419,0.146125563
Jamaica,0.656948103,0.62413333,0.595409576,0.551529765,0.545317877,0.584430846,0.60740196,0.630701043,0.612472832,0.613504359,0.614538149,0.611099022,0.569022676,0.56127203,0.539602572,0.510289105,0.527075839,0.424848648,0.444417149,0.349595585,0.330580613,0.34279697,0.321371803,0.340806392,0.304647811
Japan,0.453616958,0.425517892,0.421719031,0.40895937,0.419129561,0.403015341,0.390759227,0.378815006,0.365319577,0.373092954,0.358525365,0.344500591,0.339953606,0.336227793,0.326518709,0.306311585,0.291084663,0.283551769,0.271547962,0.259673968,0.261477619,0.260447398,0.259162923,0.250956923,0.2434638
Jordan,0.715316216,0.640002357,0.660135542,0.608024754,0.638862348,0.585957926,0.589879974,0.570452948,0.55244188,0.527553605,0.526899558,0.505420693,0.496318207,0.483955789,0.478088681,0.469247327,0.422609127,0.396895693,0.351765977,0.339392023,0.317248171,0.309896003,0.334158982,0.31864327,0.328965917
Kazakhstan,,,2.123820317,1.89753901,1.953416741,1.763026999,1.441331997,1.274348877,1.263359277,1.109503191,1.002008749,0.964466793,0.877068643,0.837732523,0.905746558,0.820499667,0.781502595,0.806673597,0.802033397,0.720754951,0.773569482,0.735364261,0.64572602,0.647640626,0.576270117
Kenya,0.161084018,0.127682042,0.144052361,0.160639418,0.158292469,0.171088704,0.199225529,0.172702691,0.200770566,0.196068429,0.195242412,0.165560834,0.137861237,0.111462394,0.116556161,0.119873375,0.122196169,0.114355649,0.116589014,0.135061321,0.121398555,0.123883581,0.10810725,0.106900193,0.106701377
Kiribati,0.240907687,0.233027274,0.263496269,0.291632969,0.280696112,0.274931267,0.298673903,0.224620363,0.238230181,0.238508927,0.219570547,0.190806555,0.284398496,0.273721498,0.295593217,0.386946873,0.419974053,0.295349019,0.317038196,0.22889818,0.352937857,0.340290046,0.318857818,0.300685427,0.297176189
Korea  Dem. People’s Rep.,,,,,,,,,,,,,,,,,,,,,,,,,
Korea  Rep.,0.696251849,0.64622049,0.646955352,0.669864359,0.641769919,0.624931987,0.614528475,0.607415796,0.539081412,0.523260562,0.52651416,0.495807469,0.470418787,0.455384571,0.437296344,0.397053296,0.376306741,0.365950178,0.361091178,0.364343627,0.376624791,0.377954903,0.362425308,0.360230646,0.344482819
Kosovo,,,,,,,,,,,,,,,,,,,,,,,,,
Kuwait,,,0.358778559,0.412775451,0.435792862,0.573575883,0.512200836,0.538069453,0.483604925,0.506767808,0.469410479,0.490759603,0.473820744,0.40804326,0.380361743,0.377367069,0.351244653,0.329136653,0.346430236,0.390440314,0.40581023,0.368276514,0.380978499,0.355723646,0.337003637
Kyrgyz Republic,,,1.350263743,1.199102741,1.061054782,0.799232353,0.921660109,0.812097248,0.834686235,0.622712476,0.573209119,0.447455854,0.560869719,0.564323894,0.554650627,0.51294205,0.475608727,0.513646783,0.537034688,0.459249895,0.428773885,0.475395241,0.618478248,0.532401305,0.490438921
Lao PDR,0.04506026,0.046113891,0.046715925,0.043087158,0.041789977,0.048440833,0.06087773,0.071504566,0.076614059,0.095221789,0.089078623,0.076630446,0.093964861,0.08309703,0.096369901,0.087945744,0.086796429,0.046057598,0.043589686,0.053498824,0.063502212,0.05705942,0.054165865,0.04576445,0.051735282
Latvia,,,,,0.79931571,0.689816449,0.642353899,0.536014432,0.472806642,0.383018965,0.334521436,0.330812453,0.297129216,0.29215763,0.267834228,0.24212512,0.229288079,0.208490831,0.186772181,0.200125415,0.219241541,0.179085173,0.163355335,0.155149116,0.146933072
Lebanon,0.808768971,0.540296415,0.554345591,0.551357249,0.542928005,0.534028929,0.477478125,0.528239084,0.536127133,0.52625702,0.469644199,0.469393223,0.442129467,0.477734093,0.40438465,0.368264617,0.313537668,0.259987312,0.2987428,0.326394869,0.286828713,0.283904675,0.300225577,0.286865022,0.294550427
Lesotho,1.026775298,0.963148583,0.914223567,0.888686118,0.841259804,0.813439707,0.769459783,0.743251455,0.737336679,0.73222088,0.699180335,0.66980156,0.664862035,0.632678202,0.621933035,0.591560174,0.557905369,0.527584345,0.496834414,0.503482148,0.481601716,0.451951544,0.431509522,0.42146817,0.40655755
Liberia,,,,,,,,,,,0.141172509,0.156398724,0.147272516,0.220988895,0.248097571,0.269343154,0.24930038,0.197741454,0.153181339,0.132182929,0.18865311,0.192135501,0.201145462,0.169508577,0.161405126
Libya,,,,,,,,,,0.506239052,0.504288032,0.512836664,0.506901895,0.452632676,0.432168406,0.387653403,0.361181851,0.310166754,0.332256098,0.344031306,0.346050532,0.572722776,0.334176262,0.40595599,0.531033593
Liechtenstein,,,,,,,,,,,,,,,,,,,,,,,,,
Lithuania,,,,,,0.753736833,0.68468745,0.606863521,0.587842493,0.49673088,0.410958187,0.392804513,0.363726778,0.311145919,0.300970399,0.28803666,0.262663731,0.245801076,0.226229162,0.218125931,0.216447389,0.19923155,0.187748441,0.160297802,0.155392599
Luxembourg,0.883122862,0.834401037,0.797909061,0.763328178,0.679980241,0.513502112,0.492698851,0.441750713,0.390131088,0.352666414,0.341208456,0.356611555,0.359115254,0.365272604,0.384050411,0.363890695,0.308049227,0.273360421,0.258212786,0.253738242,0.252706803,0.229367597,0.219206966,0.19351622,0.171397205
Macao SAR  China,0.114783216,0.113186324,0.096690956,0.098014937,0.09919727,0.091078394,0.102647511,0.106987404,0.116053265,0.114131847,0.113474001,0.111559679,0.090723265,0.080542973,0.069278194,0.066292429,0.050298472,0.04057209,0.033530919,0.05083967,0.02726643,0.022579972,0.018381787,0.014611679,0.015776858
Madagascar,0.076329852,0.085803393,0.080556159,0.079044881,0.095362676,0.091566383,0.094917437,0.108852642,0.109092111,0.113374166,0.10342748,0.088737422,0.070971295,0.087385011,0.085896876,0.076728858,0.068524727,0.06773872,0.064530859,0.062574953,0.068205928,0.07867779,0.086673112,0.095941418,0.089958577
Malawi,0.164134118,0.155322443,0.163878856,0.163427633,0.183400729,0.15450567,0.140256395,0.140309908,0.129484056,0.124844169,0.110863971,0.113682361,0.108176361,0.108266712,0.101607575,0.089784186,0.086717532,0.074885884,0.081215321,0.066653925,0.074551592,0.071877742,0.064275555,0.067073347,0.064888561
Malaysia,0.458194173,0.490364027,0.483370161,0.523389136,0.480927259,0.552625064,0.510620414,0.465649357,0.454699858,0.399185361,0.417832333,0.438741159,0.404142807,0.443809689,0.418965639,0.410840677,0.362996144,0.366490006,0.378581433,0.371851007,0.375884509,0.352768676,0.325640335,0.330559367,0.314204923
Maldives,,,,,,0.172244231,0.18219135,0.188233554,0.157768622,0.205425401,0.206952567,0.215966875,0.254826225,0.18735501,0.226921667,0.228271803,0.221756519,0.206301136,0.199584779,0.223720281,0.21814164,0.207622952,0.22382982,0.201656892,0.225236634
Mali,0.060361566,0.054067567,0.055538933,0.053889188,0.051660773,0.05093384,0.048546487,0.048948069,0.065449177,0.063678995,0.064334977,0.055051384,0.053724304,0.048127668,0.047951775,0.044746588,0.04353008,0.04382915,0.043570822,0.031122713,0.034888566,0.035871095,0.033749362,0.033497165,0.04222906
Malta,0.653038285,0.566222121,0.520316858,0.637178609,0.539034521,0.435544071,0.431269881,0.434973588,0.350866696,0.356983391,0.272445908,0.322396916,0.282394188,0.309341423,0.299761728,0.300606291,0.273482199,0.269102037,0.238700602,0.222427728,0.222047718,0.213473467,0.216748284,0.17670056,0.16183809
Marshall Islands,0.534121442,0.555903316,0.543527491,0.567646643,0.555803004,0.503069833,0.550769516,0.578736545,0.621773999,0.594926699,0.641136993,0.623794654,0.625628602,0.613178697,0.622326717,0.561995505,0.584523784,0.593104103,0.591517284,0.618909423,0.5746921,0.556222038,0.527514526,0.504001895,0.498416501
Mauritania,0.244954712,0.236549324,0.238782193,0.223653305,0.262977857,0.220261856,0.212081202,0.217988885,0.21042427,0.196981663,0.197834982,0.205788927,0.21342539,0.203624219,0.207298873,0.190653403,0.157835435,0.171288063,0.174486348,0.191892171,0.190732586,0.191014419,0.196415531,0.182952239,0.172636008
Mauritius,0.280912886,0.270616973,0.278936521,0.269318747,0.231764683,0.245187639,0.24311715,0.231660418,0.234593383,0.252018767,0.25259856,0.254485324,0.248435252,0.244305575,0.230211852,0.233930166,0.238441153,0.223175033,0.212269386,0.200730224,0.200616428,0.188989377,0.181347945,0.176888154,0.173820124
Mexico,0.583693089,0.563967856,0.534912334,0.447701969,0.434081747,0.428036026,0.40976274,0.402417102,0.398166487,0.384440316,0.363229252,0.369950353,0.364267588,0.371916417,0.34937369,0.347570634,0.322682535,0.308015024,0.298235917,0.290696681,0.266670703,0.253452722,0.246588194,0.237511461,0.221126542
Micronesia  Fed. Sts.,,,0.492679524,0.445046989,0.454309223,0.430382516,0.436216894,0.472255054,0.483831431,0.441033396,0.46757213,0.608390098,0.504749177,0.486083201,0.488637966,0.392892008,0.38185067,0.436775383,0.368975817,0.497645049,0.339640013,0.34268445,0.384644243,0.414434537,0.437020318
Moldova,,,,,,1.318171936,1.415852751,0.843718013,0.788518194,0.577655119,0.43169358,0.420999117,0.412540678,0.408954136,0.393612198,0.381678899,0.36064923,0.319454444,0.296836583,0.298482345,0.298571479,0.28234103,0.272384124,0.249140881,0.229796839
Monaco,,,,,,,,,,,,,,,,,,,,,,,,,
Mongolia,1.375805537,1.774267451,1.732396372,1.472588785,1.208171333,1.108831882,1.081360359,0.980703253,0.938444634,0.879597142,0.845247385,0.843808142,0.833709001,0.741574101,0.694781644,0.629032273,0.617110158,0.699997143,0.629180731,0.688309811,0.674755316,0.876592329,0.934111309,1.214937727,0.594343165
Montenegro,,,,,,,,,,,,,,,,0.40283721,0.370941147,0.293704074,0.322632242,0.226763482,0.305659232,0.286443772,0.271489163,0.243342459,0.231346773
Morocco,0.369521988,0.353681445,0.368249446,0.392726206,0.365232678,0.387530886,0.347819123,0.354775168,0.328953142,0.331964536,0.325835537,0.330480141,0.319995517,0.291115607,0.311916644,0.309491898,0.289338892,0.288467118,0.281131976,0.265531654,0.269572777,0.258639553,0.26790634,0.237213666,0.229753638
Mozambique,0.314395445,0.289905769,0.293732736,0.283062118,0.257513475,0.258615093,0.187044106,0.179322377,0.15955902,0.1529576,0.16712565,0.169920158,0.154466607,0.171990727,0.155644327,0.131681475,0.126418351,0.130942147,0.120374709,0.125415738,0.125631345,0.135365707,0.119953149,0.141702915,0.271391463
Myanmar,0.218291124,0.207794142,0.216630968,0.218128789,0.232258958,0.237065793,0.228045966,0.219264744,0.220633697,0.217660704,0.210511916,0.159989238,0.148391954,0.136837934,0.148186721,0.118031921,0.112239534,0.097794709,0.066239569,0.062067703,0.068457242,0.07254858,0.051351911,0.054068015,0.082652541
Namibia,0.007592978,0.177778334,0.176798388,0.211803348,0.232355321,0.22563434,0.230165506,0.223018738,0.226580694,0.188650693,0.17594276,0.208904237,0.171275703,0.171731747,0.1559495,0.173700599,0.158960602,0.148755211,0.200202251,0.182812275,0.172247232,0.146505432,0.163585019,0.11824455,0.15583965
Nauru,,,,,,,,,,,,,,,,,,1.171539331,0.854926507,0.715769913,0.679736104,0.546487517,0.487074877,0.389070132,0.302998905
Nepal,0.043524797,0.059942718,0.077997059,0.080845541,0.084666066,0.096072957,0.109424033,0.114632927,0.089016165,0.120175712,0.105516776,0.104879345,0.082868232,0.084719173,0.07402857,0.080147391,0.062553409,0.060087181,0.072689734,0.087429276,0.096192898,0.099695885,0.098800541,0.105683307,0.118405419
Netherlands,0.553369616,0.544792256,0.514427446,0.504166448,0.480944334,0.493613905,0.488748142,0.439082134,0.409996069,0.375252168,0.341792803,0.331920599,0.326564667,0.32920389,0.317304983,0.29554848,0.268229854,0.245709893,0.231882319,0.23397901,0.244604641,0.223900382,0.215026584,0.209377437,0.201492793
New Caledonia,,,,,,,,,,,,,,,,,,,,,,,,,
New Zealand,0.475741782,0.473089385,0.476079509,0.468096216,0.431212977,0.412455448,0.415670633,0.42870539,0.40693223,0.413562383,0.39724518,0.394531825,0.3607832,0.353092977,0.337059539,0.321624597,0.287944409,0.271006698,0.268884767,0.245191496,0.233737348,0.219521916,0.234864302,0.207953539,0.206292163
Nicaragua,0.316551515,0.241449234,0.280731376,0.264775397,0.276831888,0.280023855,0.267453114,0.276435151,0.286949612,0.280133479,0.273059383,0.273426365,0.272097301,0.284707924,0.264134496,0.239734496,0.23100263,0.220770923,0.201030763,0.209723927,0.20033339,0.198601135,0.173216841,0.159789525,0.159911391
Niger,0.157672994,0.146557473,0.148611974,0.159580839,0.148817843,0.14879243,0.157268884,0.151682573,0.142957552,0.141185975,0.102361152,0.088105814,0.089853632,0.090793123,0.094724865,0.077216078,0.068659647,0.067567644,0.06784792,0.081013259,0.089574602,0.097042381,0.119697512,0.116136713,0.116218816
Nigeria,0.18876245,0.196216294,0.202184438,0.195216511,0.151809197,0.151512288,0.158034345,0.161052074,0.138897053,0.14481164,0.254645937,0.265191825,0.247333916,0.245375375,0.224495828,0.208003459,0.177479806,0.1558602,0.144845884,0.106191362,0.115909088,0.112735179,0.10923973,0.100266928,0.090814483
North Macedonia,,,1.053617984,1.06727679,1.076865355,1.104373164,1.161010161,1.019009966,1.154379115,1.015268334,0.967675464,0.974217916,0.846402449,0.846946133,0.768441391,0.705552009,0.617599612,0.497302778,0.436552979,0.385170843,0.368503029,0.390561784,0.365076406,0.298723538,0.270376398
Northern Mariana Islands,,,,,,,,,,,,,,,,,,,,,,,,,
Norway,0.40304619,0.384973749,0.362658594,0.378243475,0.340046573,0.315386953,0.284255518,0.286496493,0.302445807,0.298394539,0.239038991,0.245720271,0.220721287,0.257089077,0.218598551,0.192144651,0.175589472,0.171295178,0.189120858,0.206752153,0.212082168,0.14683021,0.151892446,0.170754278,0.140436011
Oman,0.276306172,0.260483874,0.241061813,0.247411223,0.265225513,0.256958831,0.232677941,0.221164926,0.227856699,0.281217602,0.275945871,0.239437781,0.299251083,0.383854445,0.318847905,0.322258468,0.393269908,0.404543654,0.358442215,0.3226596,0.35107319,0.396232226,0.389353459,0.3803562,0.362062215
Pakistan,0.321201214,0.294334124,0.284989713,0.293197509,0.300959589,0.279664056,0.292830986,0.285772886,0.284153432,0.277747181,0.27631719,0.269696944,0.270983606,0.264446462,0.265472254,0.24826697,0.242632454,0.245173264,0.236733918,0.228136167,0.225518991,0.215742942,0.206455725,0.195335684,0.18534598
Palau,,,,,,,,,,,1.328090302,1.236552196,1.153929825,1.187990653,1.103381149,1.053719352,1.060496744,1.009057994,1.016352538,1.041166148,1.055495292,0.981052771,0.929167547,0.946286012,0.899054564
Panama,0.219806778,0.227772208,0.26930594,0.23158261,0.242605759,0.160689285,0.234872092,0.264863095,0.256994096,0.232363975,0.225997882,0.266117276,0.214690694,0.211998083,0.181128056,0.193064574,0.18587994,0.157865937,0.144408013,0.165066449,0.164305056,0.15933872,0.142620683,0.138953876,0.106573247
Papua New Guinea,0.322367051,0.274411437,0.234404643,0.188183507,0.190219399,0.182008358,0.176237226,0.2123,0.242365302,0.200324933,0.219035433,0.258280805,0.276783052,0.300941192,0.324528837,0.289177973,0.269570308,0.335639238,0.258784078,0.255352391,0.214353604,0.232287667,0.207600016,0.239339691,0.211372964
Paraguay,0.099510236,0.091744729,0.104572007,0.110325896,0.122763169,0.129999498,0.118940521,0.125432548,0.13305354,0.132976413,0.10907894,0.111487233,0.111987076,0.11005142,0.103451545,0.092063743,0.088687702,0.085016035,0.084385767,0.086038813,0.085501253,0.083863733,0.082160971,0.076594047,0.075218391
Peru,0.280014423,0.255198022,0.252499794,0.270973268,0.232966986,0.217856603,0.212523853,0.22105293,0.222087744,0.227734765,0.223846692,0.195194822,0.182365649,0.166781428,0.187086633,0.198751466,0.168493368,0.186228481,0.159837942,0.197802375,0.201042566,0.159609155,0.1637131,0.157742751,0.163358702
Philippines,0.2590673,0.265130009,0.286708524,0.27837371,0.289153969,0.299741699,0.284746647,0.30462877,0.294819631,0.281606118,0.279631518,0.257752434,0.245798752,0.23017445,0.217835604,0.203708584,0.169949975,0.165500409,0.170315469,0.164372668,0.165166595,0.157228225,0.154261304,0.152346835,0.151663245
Poland,1.565375689,1.598444866,1.49541162,1.402234354,1.232735563,1.163557476,1.115815887,1.013580355,0.888673016,0.81483101,0.734332557,0.709524434,0.654612901,0.645453902,0.597605581,0.570456988,0.5522385,0.491076862,0.451008201,0.405317078,0.394966091,0.364461402,0.330623955,0.321461343,0.293498201
Portugal,0.360387995,0.347205984,0.368533434,0.357213133,0.351816034,0.359625702,0.33728992,0.332469091,0.340926716,0.355754805,0.322784566,0.309920449,0.31471879,0.280848814,0.280463755,0.273319157,0.230566688,0.221941153,0.197825491,0.193672008,0.166717504,0.168438798,0.165420585,0.155702713,0.15068029
Puerto Rico,,,,,,,,,,,,,,,,,,,,,,,,,
Qatar,,,,,,,,,,,0.68028173,0.763690732,0.693096019,0.665934808,0.562576405,0.602249609,0.577137295,0.474876385,0.405684043,0.38389912,0.33237015,0.318559506,0.349382286,0.297054438,0.355672268
Romania,1.423168627,1.273914262,1.251920296,1.173182441,1.050891182,1.025095457,0.966220203,0.897556823,0.800010839,0.713575707,0.690816353,0.669522443,0.624757833,0.620318372,0.502920542,0.4711773,0.422401434,0.357650905,0.279586192,0.240765761,0.231174354,0.235258496,0.215213708,0.179325238,0.17049379
Russian Federation,,,2.039233905,2.033974405,1.995668325,1.958846284,1.972983451,1.809978999,1.853099435,1.758552956,1.556994628,1.449401864,1.33323816,1.1983981,1.087402076,0.951884251,0.782519455,0.701122359,0.595850917,0.568534767,0.570730808,0.507398548,0.495838419,0.472310473,0.453301697
Rwanda,0.132186631,0.117867208,0.108848593,0.117452121,0.220866904,0.156259052,0.141503058,0.126845846,0.112684761,0.111345739,0.104113479,0.094563091,0.082241293,0.077367398,0.071104569,0.063044386,0.056023257,0.053480526,0.045948404,0.04552585,0.042993088,0.043925713,0.043982109,0.044974446,0.042885069
Samoa,0.26622733,0.27299467,0.276669164,0.259621365,0.269517891,0.255450348,0.248682792,0.250048559,0.248867897,0.246747955,0.237936349,0.223302709,0.210673923,0.207791692,0.188794682,0.188647315,0.183651899,0.1756882,0.177874576,0.193014741,0.189881706,0.189626711,0.181943909,0.182332059,0.176481564
San Marino,,,,,,,,,,,,,,,,,,,,,,,,,
Sao Tome and Principe,,,,,,,,,,,,0.220942036,0.242802232,0.251631376,0.262212025,0.249319411,0.242901335,0.229093233,0.207717945,0.218764323,0.218936672,0.213030223,0.224367107,0.210368738,0.193770829
Saudi Arabia,0.413053632,0.500657108,0.501964595,0.546369173,0.522046577,0.389623478,0.410181102,0.333300548,0.307644419,0.343618851,0.417233076,0.413669479,0.460200759,0.40722736,0.44426988,0.409966034,0.421298284,0.36098197,0.369703772,0.4084012,0.424917105,0.364810743,0.383701053,0.351704726,0.369940501
Senegal,0.280504605,0.284683902,0.279339704,0.278169872,0.295749966,0.246248524,0.253716652,0.211034674,0.20702564,0.207086816,0.208924086,0.214960532,0.218959448,0.222305901,0.215021321,0.219284702,0.169067476,0.171856244,0.15925395,0.139317521,0.224674985,0.234374278,0.206881145,0.210469212,0.203701685
Serbia,,,,,,,,,,,,,,,,,0.714507283,0.633063443,0.56109574,0.503196414,0.492492012,0.494923911,0.439260926,0.428264504,0.360345249
Seychelles,0.234464865,0.253000847,0.230832652,0.225885795,0.245238147,0.237797584,0.26379434,0.336569241,0.389555925,0.444040132,0.480178835,0.533186114,0.440655041,0.469064269,0.630026568,0.524263472,0.494803083,0.38183404,0.413387447,0.313877349,0.247774521,0.172904159,0.216178257,0.183691106,0.211715869
Sierra Leone,0.139365208,0.147553299,0.14585476,0.140547142,0.161047815,0.133491018,0.152469996,0.149368688,0.135521446,0.1206108,0.128312983,0.17913997,0.149398616,0.143878171,0.12921907,0.102097654,0.127627543,0.10064276,0.096877523,0.091629804,0.095638028,0.109033069,0.106528173,0.100304893,0.103422536
Singapore,0.644551007,0.594542625,0.58312055,0.540183694,0.573664617,0.358369333,0.38588508,0.41173172,0.346375493,0.332605878,0.292026479,0.292002268,0.263726705,0.163263677,0.132405573,0.127521226,0.115195976,0.066573645,0.11624923,0.178364867,0.153151061,0.114734975,0.086691068,0.124418519,0.118994941
Sint Maarten (Dutch part),,,,,,,,,,,,,,,,,,,,,,,0.55491648,0.552477946,0.547470665
Slovak Republic,,,1.167239628,1.083995275,0.941979487,0.90822963,0.821342476,0.757336087,0.707560801,0.679593579,0.586381064,0.591458037,0.549101019,0.51980223,0.474895507,0.440860104,0.3857991,0.323328007,0.29590849,0.274036544,0.269284686,0.247547711,0.227377452,0.219115762,0.195715091
Slovenia,,,0.556889604,0.55802774,0.525662788,0.533976358,0.52689143,0.5229522,0.477947267,0.450181905,0.401011249,0.40156304,0.380743824,0.367768564,0.346177237,0.331242018,0.314193121,0.291587864,0.289845601,0.27266,0.269864105,0.255188814,0.248625008,0.230546523,0.201451409
Solomon Islands,0.384904029,0.351225119,0.297109814,0.279133735,0.243869256,0.226518593,0.218931306,0.218363796,0.212148967,0.220920302,0.252051008,0.28110015,0.2846945,0.268548293,0.249296478,0.229333032,0.21286858,0.210330398,0.20049094,0.217062121,0.204673935,0.177114586,0.166210186,0.161494853,0.155008445
Somalia,,,,,,,,,,,,,,,,,,,,,,,,,
South Africa,1.325176598,1.349186156,1.245835946,1.279325936,1.28223716,1.30107361,1.232245485,1.251067127,1.204193475,1.151591769,1.090886216,1.02122951,0.929312202,1.005067391,1.041915907,0.888859738,0.877674495,0.845068147,0.855295405,0.873086688,0.789269637,0.742984395,0.710471671,0.677807057,0.685923245
South Sudan,,,,,,,,,,,,,,,,,,,,,,,0.066578025,0.062934564,0.061716221
Spain,0.412714114,0.401834037,0.403561461,0.373352885,0.380081705,0.375023851,0.345750137,0.352166542,0.341694511,0.351193449,0.337041656,0.318223485,0.311590368,0.303766527,0.30206388,0.292286562,0.255853546,0.242994053,0.214128785,0.191935088,0.182200732,0.180490506,0.176969297,0.155944456,0.14932889
Sri Lanka,0.095233271,0.095078962,0.110541046,0.09822663,0.099815966,0.099002819,0.112047098,0.111632862,0.108330081,0.112748412,0.123609078,0.125318736,0.125620867,0.116646803,0.119597312,0.107412664,0.095834572,0.090143885,0.082467199,0.085314487,0.07859497,0.081051144,0.077169772,0.070865191,0.078686501
St. Kitts and Nevis,0.262935645,0.259166076,0.25139738,0.23760282,0.235176822,0.231827722,0.221236826,0.220560188,0.230410666,0.236148165,0.223475939,0.211654596,0.228754174,0.232594595,0.233787491,0.192432167,0.184845472,0.193200374,0.177967785,0.188974027,0.186468846,0.188424756,0.177237387,0.167905977,0.160473651
St. Lucia,0.187013713,0.188410985,0.204028091,0.219766764,0.246505588,0.284084963,0.283810518,0.265165946,0.246705589,0.245328108,0.248117439,0.276494279,0.24368026,0.252655179,0.227022323,0.227908656,0.208308984,0.208687313,0.20057167,0.196380339,0.202746127,0.192437341,0.189410366,0.189934415,0.186399013
St. Martin (French part),,,,,,,,,,,,,,,,,,,,,,,,,
St. Vincent and the Grenadines,0.207384225,0.189331885,0.190589099,0.21740938,0.25404516,0.244886761,0.244211088,0.231939915,0.269313453,0.264347831,0.226131188,0.26650974,0.256832358,0.247917681,0.257538406,0.243695417,0.219649841,0.213884691,0.206531302,0.287030452,0.20722537,0.183456009,0.226868588,0.180865392,0.175378629
Sudan,0.178093628,0.150105905,0.123251777,0.079459259,0.105719609,0.101231189,0.096818534,0.105234235,0.086467172,0.089640224,0.089571055,0.094733642,0.111689758,0.113733648,0.134708491,0.116443223,0.112322581,0.115328553,0.110797912,0.111142132,0.108755184,0.106743294,0.097432214,0.096935268,0.091994188
Suriname,0.646673715,0.706174062,0.692600884,0.716156325,0.67934455,0.671354691,0.659711999,0.620025971,0.599340289,0.604409362,0.598002031,0.605644362,0.383357683,0.349087136,0.31702543,0.300424856,0.301592258,0.282388845,0.293059164,0.290846223,0.327950665,0.248813931,0.272710108,0.221060079,0.224678035
Sweden,0.301650539,0.292769514,0.286798469,0.29016089,0.289490798,0.273879955,0.267581616,0.240647477,0.234312874,0.212265539,0.18970999,0.193637871,0.210019355,0.1940535,0.180599581,0.167920249,0.145714794,0.129307442,0.12714972,0.116675002,0.13324502,0.124974765,0.110382323,0.1021701,0.096155165
Switzerland,0.229939111,0.224975497,0.220512516,0.205386352,0.201358297,0.186316156,0.184666603,0.183873642,0.178186598,0.168452721,0.152022091,0.161505385,0.148111453,0.145154553,0.139457991,0.136998776,0.123977381,0.101124474,0.100467262,0.103883955,0.093907032,0.083156277,0.081652692,0.08273097,0.06965125
Syrian Arab Republic,,,,,,,,,,,,,,,,,,,,,,,,,
Tajikistan,,,0.83554012,0.691008162,0.391479032,0.454818953,0.618858443,0.455524277,0.496224645,0.475866965,0.38153207,0.349078953,0.254481965,0.248497267,0.270764883,0.234601166,0.231561216,0.254580914,0.207803148,0.167675354,0.161412546,0.135972298,0.154910029,0.168149566,0.23059912
Tanzania,0.09220921,0.092472606,0.087138129,0.093924128,0.08389114,0.117189895,0.107240197,0.084788441,0.071692168,0.066910404,0.065421662,0.071205489,0.07512241,0.073305951,0.076125027,0.086641667,0.086460798,0.07713434,0.074574589,0.067745487,0.075616539,0.078339971,0.086753711,0.093492569,0.08893034
Thailand,0.371864193,0.364098449,0.362357763,0.372177978,0.375785809,0.394230228,0.409862159,0.427337075,0.404427732,0.408562841,0.393758177,0.39986745,0.396987617,0.391975293,0.388878326,0.368341756,0.346905385,0.320923567,0.309455539,0.327821002,0.317531389,0.304495669,0.296885987,0.287474325,0.294397733
Timor-Leste,,,,,,,,,,,,,0.066520267,0.066088862,0.042787831,0.030538154,0.021357464,0.020161624,0.019790751,0.023564462,0.024329586,0.022384124,0.024970091,0.041398719,0.058492453
Togo,0.243290772,0.258331713,0.26075945,0.3105407,0.254345908,0.264579759,0.26535517,0.212283753,0.254001169,0.321921925,0.281011979,0.238841868,0.251534847,0.279408652,0.254417857,0.23361324,0.198814917,0.218267179,0.245929248,0.382412863,0.337971049,0.290404578,0.269827769,0.267222887,0.244186515
Tonga,0.34892702,0.392683043,0.279861614,0.319014079,0.323484086,0.317720705,0.251980515,0.318902677,0.272894562,0.323698215,0.265458685,0.231443305,0.257025285,0.282432237,0.258747951,0.255257362,0.282019257,0.253827905,0.25708011,0.27209651,0.230801943,0.192459174,0.193855811,0.210211125,0.215158799
Trinidad and Tobago,1.969058876,1.845963745,1.845353202,1.702904228,1.562244519,1.438670071,1.595131302,1.30280171,1.238767965,1.332663326,1.289382906,1.339028808,1.326264857,1.271599464,1.198880939,1.249228187,1.198104613,1.186831854,1.099028812,1.153916176,1.178688748,1.133795809,1.06281091,1.049237645,1.033858144
Tunisia,0.44227483,0.480694465,0.422846998,0.443968829,0.406972033,0.384437942,0.375255874,0.353763389,0.354662434,0.335699056,0.340814052,0.335731692,0.326879333,0.312163447,0.300310269,0.286008014,0.267615594,0.256108293,0.24815608,0.238651558,0.254299474,0.238915027,0.233921298,0.228953755,0.227386843
Turkey,0.440477435,0.429974143,0.408618028,0.384057695,0.39199689,0.392714395,0.395021381,0.381229318,0.359617704,0.360741791,0.35663817,0.328891855,0.338413446,0.344286746,0.30975441,0.294081491,0.279333308,0.275499638,0.251201431,0.251498144,0.236442291,0.222297214,0.214123941,0.192075205,0.186913316
Turkmenistan,,,1.93677657,1.59806141,2.240603091,2.397698635,1.990630571,2.205242275,2.133904075,2.11981503,1.958673876,1.863041316,1.920237976,2.037269913,1.97155744,1.756830428,1.573911854,1.56215301,1.354754817,1.122480089,1.156330041,1.076756632,0.987560002,0.905986321,0.826508538
Turks and Caicos Islands,,,,,,,,,,,,,,,,,,,,,,0.287873735,0.30093399,0.291760467,0.27829261
Tuvalu,0.533341508,0.497924284,0.473621213,0.444391933,0.394529493,0.406784027,0.424793064,0.379618093,0.325012124,0.325476142,0.321479582,0.309521599,0.423643629,0.430262566,0.424725725,0.428075519,0.271200254,0.37250245,0.338381183,0.351398002,0.238064806,0.216892105,0.331948797,0.311946598,0.302082379
Uganda,0.087173672,0.082200717,0.078442377,0.070079075,0.058429665,0.06806728,0.069183479,0.067621325,0.072817836,0.068934327,0.071216454,0.069990922,0.065366851,0.061833423,0.061288215,0.069812379,0.071497222,0.073133745,0.072858436,0.071748992,0.07784177,0.075831898,0.068389732,0.077625738,0.077832107
Ukraine,,,2.047490272,1.993310563,2.074297303,2.33588252,2.356672355,1.976310899,1.918833924,1.917879949,1.709391158,1.535892055,1.42278185,1.410518983,1.193774867,1.092862,0.96528303,0.859849168,0.798182476,0.7771415,0.866519577,0.756588124,0.764886969,0.691101815,0.606824968
United Arab Emirates,0.390151993,0.410156035,0.39569999,0.433229563,0.439811653,0.390027597,0.21042207,0.193927508,0.374171739,0.344718029,0.43685005,0.379824503,0.304880196,0.347011306,0.326881246,0.310091762,0.292255161,0.301995614,0.333058156,0.372336331,0.346827577,0.326855492,0.327247745,0.296275414,0.344868935
United Kingdom,0.581547666,0.579860097,0.55431471,0.518106117,0.48924572,0.453875409,0.435672212,0.393858184,0.386746396,0.37372022,0.350390578,0.335601181,0.308293795,0.300512156,0.282779904,0.276463953,0.257527875,0.243370874,0.231271832,0.217853139,0.218196401,0.192266045,0.19402939,0.180882938,0.158988054
United States,0.808869133,0.782842844,0.75295819,0.733196936,0.699079058,0.67187023,0.65056766,0.6259028,0.59595266,0.571577335,0.555354374,0.528812018,0.515827814,0.495337853,0.471279096,0.444111918,0.412410144,0.400573428,0.381578909,0.364283331,0.359892819,0.340334753,0.316072979,0.307370112,0.299871892
Uruguay,0.201075062,0.214242122,0.220327002,0.181107057,0.150494014,0.16885446,0.186161004,0.172116215,0.166711436,0.198167314,0.155942009,0.152224761,0.147434649,0.142906496,0.161696957,0.150218009,0.161230333,0.133065773,0.167689925,0.155680242,0.113133208,0.128063357,0.135920452,0.111396317,0.094177168
Uzbekistan,,,2.910227095,3.024986227,2.920763023,2.74784152,2.723499251,2.570483234,2.707764257,2.642751658,2.465082186,2.346627444,2.30990819,2.155252653,1.938999303,1.633330056,1.51366822,1.34552996,1.247817281,0.990986164,0.878030878,0.86684633,0.800957652,0.650264915,0.606152925
Vanuatu,0.272104042,0.255191861,0.229690792,0.222702806,0.199939398,0.205275803,0.251719311,0.235863716,0.213897052,0.219701434,0.202882655,0.214647749,0.213408797,0.200892663,0.130872693,0.12052782,0.087634015,0.168528876,0.149547027,0.182333257,0.177344011,0.187217471,0.155453544,0.140156341,0.194678134
Venezuela  RB,0.655892145,0.546368092,0.462359706,0.528706455,0.553860947,0.535454301,0.485200127,0.489246044,0.602453099,0.653413435,0.542696976,0.581564578,0.703579697,0.744123795,0.483858168,0.462813183,0.419798929,0.35655746,0.370089055,0.380869196,0.401900654,0.353415033,0.369035583,0.331138931,0.340546435
Vietnam,0.332893739,0.30451458,0.274364194,0.26565069,0.272454502,0.270181939,0.289184612,0.341955341,0.336824397,0.318101338,0.327729169,0.344188057,0.369069165,0.377065736,0.392521639,0.38363645,0.364400934,0.338108575,0.353155936,0.362524973,0.37363841,0.367258414,0.319997188,0.308811131,0.324192163
Virgin Islands (U.S.),,,,,,,,,,,,,,,,,,,,,,,,,
West Bank and Gaza,,,,,,,,0.054826789,0.072007207,0.070750561,0.092353724,0.169773217,0.163476177,0.155959837,0.200734747,0.258196208,0.215460841,0.201947201,0.16494513,0.153337439,0.136525236,0.131396227,0.118728386,0.126515762,
Yemen  Rep.,0.368648876,0.321888394,0.314358065,0.258276135,0.246730068,0.264037853,0.251885385,0.29549161,0.251735649,0.272330347,0.264373896,0.275870948,0.254139756,0.263989492,0.269775645,0.263025522,0.263163547,0.243989557,0.245971859,0.258403277,0.226254573,0.213101072,0.193847614,0.248207818,0.217277371
Zambia,0.200493579,0.191678366,0.193891836,0.180525799,0.187196336,0.159829638,0.127299088,0.154106748,0.148054347,0.108961527,0.103413366,0.100531633,0.098523454,0.096297094,0.088980289,0.085834513,0.077334514,0.058496245,0.059921666,0.062909528,0.060500168,0.061262693,0.069744613,0.070395013,0.07510171
Zimbabwe,0.819543653,0.766148837,0.877799388,0.816184288,0.795664805,0.661532313,0.583370381,0.536655793,0.510287121,0.563408683,0.499888601,0.436243358,0.447771602,0.471671824,0.43409731,0.506888414,0.494370558,0.472858171,0.442804271,0.282886387,0.324334683,0.342088769,0.234421658,0.338455072,0.334037477